# Vendor documentation pages this package cites, and what each one DID when a person read
# it. Checked by `script/check_doc_sources.sh`; see that script's header for why this is
# status-and-destination rather than a content diff, and why a redirect is the signal.
#
# Columns, tab-separated:
#   url  expect_status  expect_location  observed_on  class  note
#
# `expect_location` is `-` when the page does not redirect. It is never left blank: TAB is
# IFS whitespace, so a run of tabs collapses into one delimiter and every later column
# shifts silently.
#
# `class` is `auto` (a machine can verify this) or `manual` (it cannot — a human must
# re-read it, and the row goes STALE past 180 days to force that).
#
# Do not edit a row to make the check pass. The row records what someone READ; rewriting
# it to match a fetch nobody looked at turns this file into a rubber stamp.
https://docs.robinhood.com/crypto/trading/	200	-	2026-09-09	auto	The whole published surface for this venue's crypto API — every claim this package makes about Robinhood traces here. A single page is the entire corpus, which is why losing it silently would matter more here than anywhere else in the family.
https://docs.robinhood.com	307	https://docs.robinhood.com/crypto/trading	2026-09-11	auto	The documentation root, cited by the re-capture snippet in `endpoint-inventory.md`. Worth a row of its own rather than folding into the page it redirects to: this venue publishes ONE documentation page, so if that 307 ever points somewhere else it is the whole notice this vendor would give.
